id,label
0,red
2,green
4,green
6,green
8,off
10,green
12,yellow
14,red
16,green
18,green
20,green
22,green
24,green
26,green
28,green
30,off
32,off
34,off
36,red
38,red
40,green
42,green
44,green
46,green
48,green
50,green
52,green
54,yellow
56,red
58,red
60,red
62,red
64,green
66,green
68,yellow
70,yellow
72,yellow
74,red
76,red
78,red
80,red
82,red
84,red
86,green
88,green
90,green
92,yellow
94,green
96,green
98,green
100,green
102,green
104,green
106,yellow
108,yellow
110,red
112,red
114,red
116,green
118,green
120,green
122,green
124,green
126,green
128,yellow
130,yellow
132,red
134,red
136,red
138,green
140,green
142,green
144,green
146,green
148,green
150,green
152,green
154,green
156,yellow
158,yellow
160,red
162,red
164,red
166,red
168,red
170,red
172,red
174,red
176,red
178,green
180,green
182,green
184,green
186,green
188,green
190,green
192,off
194,green
196,off
198,off
200,off
202,green
204,green
206,off
208,yellow
210,yellow
212,red
214,red
216,red
218,red
220,red
222,red
224,red
226,red
228,red
230,red
232,green
234,green
236,green
238,green
