id,video,t_sec,signal
0,C3897,19.52,signal_5
1,C3897,19.52,signal_4
2,C3897,42.04,signal_5
3,C3897,42.04,signal_4
4,C3897,42.87,signal_5
5,C3897,42.87,signal_4
6,C3897,43.54,signal_5
7,C3897,43.54,signal_4
8,C3897,53.05,signal_5
9,C3897,53.05,signal_4
10,C3897,55.56,signal_5
11,C3897,55.56,signal_4
12,C3897,56.56,signal_5
13,C3897,56.56,signal_4
14,C3897,72.08,signal_5
15,C3897,72.08,signal_4
16,C3897,98.45,signal_5
17,C3897,98.45,signal_4
18,C3897,102.14,signal_5
19,C3897,102.14,signal_4
20,C3897,107.23,signal_5
21,C3897,107.23,signal_4
22,C3897,113.54,signal_5
23,C3897,113.54,signal_4
24,C3897,121.75,signal_5
25,C3897,121.75,signal_4
26,C3897,123.41,signal_5
27,C3897,123.41,signal_4
28,C3897,124.27,signal_5
29,C3897,124.27,signal_4
30,C3897,128.13,signal_5
31,C3897,128.13,signal_4
32,C3897,130.13,signal_5
33,C3897,130.13,signal_4
34,C3897,130.13,signal_5
35,C3897,130.13,signal_4
36,C3897,154.17,signal_5
37,C3897,154.17,signal_4
38,C3897,166.71,signal_5
39,C3897,166.71,signal_4
40,C3897,170.17,signal_5
41,C3897,170.17,signal_4
42,C3897,181.36,signal_5
43,C3897,181.36,signal_4
44,C3897,188.58,signal_5
45,C3897,188.58,signal_4
46,C3897,195.27,signal_5
47,C3897,195.27,signal_4
48,C3897,197.7,signal_5
49,C3897,197.7,signal_4
50,C3897,203.7,signal_5
51,C3897,203.7,signal_4
52,C3897,205.37,signal_5
53,C3897,205.37,signal_4
54,C3897,206.4,signal_5
55,C3897,206.4,signal_4
56,C3897,212.8,signal_5
57,C3897,212.8,signal_4
58,C3897,217.54,signal_5
59,C3897,217.54,signal_4
60,C3897,218.46,signal_5
61,C3897,218.46,signal_4
62,C3897,228.94,signal_5
63,C3897,228.94,signal_4
64,C3897,277.28,signal_5
65,C3897,277.28,signal_4
66,C3897,279.78,signal_5
67,C3897,279.78,signal_4
68,C3897,281.28,signal_5
69,C3897,281.28,signal_4
70,C3897,282.25,signal_5
71,C3897,282.25,signal_4
72,C3897,282.5,signal_5
73,C3897,282.5,signal_4
74,C3897,296.39,signal_5
75,C3897,296.39,signal_4
76,C3897,311.24,signal_5
77,C3897,311.24,signal_4
78,C3897,316.43,signal_5
79,C3897,316.43,signal_4
80,C3902,4.67,signal_5
81,C3902,4.67,signal_4
82,C3902,33.48,signal_5
83,C3902,33.48,signal_4
84,C3902,36.47,signal_5
85,C3902,36.47,signal_4
86,C3902,74.07,signal_5
87,C3902,74.07,signal_4
88,C3902,74.07,signal_5
89,C3902,74.07,signal_4
90,C3902,75.08,signal_5
91,C3902,75.08,signal_4
92,C3902,77.58,signal_5
93,C3902,77.58,signal_4
94,C3902,131.58,signal_5
95,C3902,131.58,signal_4
96,C3902,134.93,signal_5
97,C3902,134.93,signal_4
98,C3902,139.74,signal_5
99,C3902,139.74,signal_4
100,C3902,145.98,signal_5
101,C3902,145.98,signal_4
102,C3902,151.65,signal_5
103,C3902,151.65,signal_4
104,C3902,152.65,signal_5
105,C3902,152.65,signal_4
106,C3902,157.16,signal_5
107,C3902,157.16,signal_4
108,C3902,157.84,signal_5
109,C3902,157.84,signal_4
110,C3902,158.63,signal_5
111,C3902,158.63,signal_4
112,C3902,167.96,signal_5
113,C3902,167.96,signal_4
114,C3902,196.81,signal_5
115,C3902,196.81,signal_4
116,C3902,197.2,signal_5
117,C3902,197.2,signal_4
118,C3902,199.63,signal_5
119,C3902,199.63,signal_4
120,C3902,225.66,signal_5
121,C3902,225.66,signal_4
122,C3902,231.33,signal_5
123,C3902,231.33,signal_4
124,C3902,233.07,signal_5
125,C3902,233.07,signal_4
126,C3902,233.73,signal_5
127,C3902,233.73,signal_4
128,C3902,235.74,signal_5
129,C3902,235.74,signal_4
130,C3902,236.74,signal_5
131,C3902,236.74,signal_4
132,C3902,240.44,signal_5
133,C3902,240.44,signal_4
134,C3902,249.35,signal_5
135,C3902,249.35,signal_4
136,C3902,274.05,signal_5
137,C3902,274.05,signal_4
138,C3902,291.29,signal_5
139,C3902,291.29,signal_4
140,C3902,294.2,signal_5
141,C3902,294.2,signal_4
142,C3902,294.29,signal_5
143,C3902,294.29,signal_4
144,C3902,295.76,signal_5
145,C3902,295.76,signal_4
146,C3902,301.12,signal_5
147,C3902,301.12,signal_4
148,C3902,302.91,signal_5
149,C3902,302.91,signal_4
150,C3902,307.14,signal_5
151,C3902,307.14,signal_4
152,C3902,311.31,signal_5
153,C3902,311.31,signal_4
154,C3902,314.81,signal_5
155,C3902,314.81,signal_4
156,C3902,315.76,signal_5
157,C3902,315.76,signal_4
158,C3902,315.82,signal_5
159,C3902,315.82,signal_4
160,C3905,2.03,signal_5
161,C3905,2.03,signal_4
162,C3905,3.61,signal_5
163,C3905,3.61,signal_4
164,C3905,8.4,signal_5
165,C3905,8.4,signal_4
166,C3905,8.48,signal_5
167,C3905,8.48,signal_4
168,C3905,15.83,signal_5
169,C3905,15.83,signal_4
170,C3905,28.71,signal_5
171,C3905,28.71,signal_4
172,C3905,30.72,signal_5
173,C3905,30.72,signal_4
174,C3905,31.03,signal_5
175,C3905,31.03,signal_4
176,C3905,32.91,signal_5
177,C3905,32.91,signal_4
178,C3905,35.54,signal_5
179,C3905,35.54,signal_4
180,C3905,36.66,signal_5
181,C3905,36.66,signal_4
182,C3905,43.77,signal_5
183,C3905,43.77,signal_4
184,C3905,54.7,signal_5
185,C3905,54.7,signal_4
186,C3905,65.19,signal_5
187,C3905,65.19,signal_4
188,C3905,67.57,signal_5
189,C3905,67.57,signal_4
190,C3905,69.07,signal_5
191,C3905,69.07,signal_4
192,C3905,69.57,signal_5
193,C3905,69.57,signal_4
194,C3905,70.44,signal_5
195,C3905,70.44,signal_4
196,C3905,70.57,signal_5
197,C3905,70.57,signal_4
198,C3905,70.57,signal_5
199,C3905,70.57,signal_4
200,C3905,70.57,signal_5
201,C3905,70.57,signal_4
202,C3905,71.25,signal_5
203,C3905,71.25,signal_4
204,C3905,71.48,signal_5
205,C3905,71.48,signal_4
206,C3905,71.57,signal_5
207,C3905,71.57,signal_4
208,C3905,74.51,signal_5
209,C3905,74.51,signal_4
210,C3905,74.57,signal_5
211,C3905,74.57,signal_4
212,C3905,76.08,signal_5
213,C3905,76.08,signal_4
214,C3905,76.58,signal_5
215,C3905,76.58,signal_4
216,C3905,78.11,signal_5
217,C3905,78.11,signal_4
218,C3905,91.43,signal_5
219,C3905,91.43,signal_4
220,C3905,93.06,signal_5
221,C3905,93.06,signal_4
222,C3905,96.36,signal_5
223,C3905,96.36,signal_4
224,C3905,102.94,signal_5
225,C3905,102.94,signal_4
226,C3905,106.96,signal_5
227,C3905,106.96,signal_4
228,C3905,112.91,signal_5
229,C3905,112.91,signal_4
230,C3905,113.61,signal_5
231,C3905,113.61,signal_4
232,C3905,114.61,signal_5
233,C3905,114.61,signal_4
234,C3905,115.62,signal_5
235,C3905,115.62,signal_4
236,C3905,118.12,signal_5
237,C3905,118.12,signal_4
238,C3905,122.82,signal_5
239,C3905,122.82,signal_4
